{"cameraMode":{"drawMode":0,"name":"Shaded","section":"Shading Mode"},"sceneLighting":true,"audioPlay":false,"sceneViewState":{"m_AlwaysRefresh":false,"showFog":false,"showSkybox":true,"showFlares":true,"showImageEffects":true,"showParticleSystems":true,"showVisualEffectGraphs":true,"m_FxEnabled":true},"in2DMode":false,"pivot":{"x":1.709381341934204,"y":0.7667264938354492,"z":-0.44340598583221438},"rotation":{"x":-0.17513981461524964,"y":-0.6779146194458008,"z":0.17129477858543397,"w":-0.693123459815979},"size":1.8945822715759278,"orthographic":false}