{"cameraMode":{"drawMode":0,"name":"Shaded","section":"Shading Mode"},"sceneLighting":true,"audioPlay":false,"sceneViewState":{"m_AlwaysRefresh":false,"showFog":false,"showSkybox":true,"showFlares":true,"showImageEffects":true,"showParticleSystems":true,"showVisualEffectGraphs":true,"m_FxEnabled":true},"in2DMode":false,"pivot":{"x":0.3215957283973694,"y":0.4537341594696045,"z":-0.28707844018936159},"rotation":{"x":0.16420875489711762,"y":-0.02278587408363819,"z":0.003794279647991061,"w":0.9861555099487305},"size":0.31291714310646059,"orthographic":false}