{"cameraMode":{"drawMode":0,"name":"Shaded","section":"Shading Mode"},"sceneLighting":true,"audioPlay":false,"sceneViewState":{"m_AlwaysRefresh":false,"showFog":false,"showSkybox":true,"showFlares":true,"showImageEffects":true,"showParticleSystems":true,"showVisualEffectGraphs":true,"m_FxEnabled":true},"in2DMode":false,"pivot":{"x":0.4789915680885315,"y":-0.2713738679885864,"z":1.4077647924423218},"rotation":{"x":-0.10773643851280213,"y":-0.16651538014411927,"z":0.01830895058810711,"w":-0.9799704551696777},"size":0.8660253882408142,"orthographic":false}