{"cameraMode":{"drawMode":0,"name":"Shaded","section":"Shading Mode"},"sceneLighting":true,"audioPlay":false,"sceneViewState":{"m_AlwaysRefresh":false,"showFog":false,"showSkybox":true,"showFlares":true,"showImageEffects":true,"showParticleSystems":true,"showVisualEffectGraphs":true,"m_FxEnabled":true},"in2DMode":false,"pivot":{"x":0.4041649103164673,"y":0.5665507912635803,"z":0.10882171988487244},"rotation":{"x":-0.20459459722042085,"y":-0.5402604937553406,"z":0.1373746395111084,"w":-0.8046108484268189},"size":0.8660253882408142,"orthographic":false}