{"cameraMode":{"drawMode":0,"name":"Shaded","section":"Shading Mode"},"sceneLighting":false,"audioPlay":false,"sceneViewState":{"m_AlwaysRefresh":false,"showFog":false,"showSkybox":false,"showFlares":true,"showImageEffects":true,"showParticleSystems":true,"showVisualEffectGraphs":true,"m_FxEnabled":true},"in2DMode":false,"pivot":{"x":-0.2176351547241211,"y":-1.6521260738372803,"z":-0.010196328163146973},"rotation":{"x":0.24970586597919465,"y":0.7490992546081543,"z":-0.4087481200695038,"w":0.45762646198272707},"size":2.752767562866211,"orthographic":false}