{"cameraMode":{"drawMode":0,"name":"Shaded","section":"Shading Mode"},"sceneLighting":false,"audioPlay":false,"sceneViewState":{"m_AlwaysRefresh":false,"showFog":false,"showSkybox":false,"showFlares":true,"showImageEffects":true,"showParticleSystems":true,"showVisualEffectGraphs":true,"m_FxEnabled":true},"in2DMode":false,"pivot":{"x":0.024534940719604493,"y":-1.4244898557662964,"z":-0.11350274085998535},"rotation":{"x":0.24970586597919465,"y":0.7490992546081543,"z":-0.4087481200695038,"w":0.45762646198272707},"size":4.289384365081787,"orthographic":false}